{"cameraMode":{"drawMode":0,"name":"Shaded","section":"Shading Mode"},"sceneLighting":true,"audioPlay":false,"sceneViewState":{"showFog":true,"showMaterialUpdate":false,"showSkybox":true,"showFlares":true,"showImageEffects":true,"showParticleSystems":true},"in2DMode":false,"pivot":{"x":0.30000001192092898,"y":2.5899999141693117,"z":-2.5560150146484377},"rotation":{"x":-0.24573642015457154,"y":0.4441988170146942,"z":-0.12812724709510804,"w":-0.8519885540008545},"size":2.715414047241211,"orthographic":true}